{
  "ATOMS": {
    "x": 556.5237707644565,
    "y": 10179.05239526735
  },
  "Atomic Structure": {
    "x": 342.24380447197365,
    "y": 10456.55478478669
  },
  "Elements": {
    "x": 443.7270648071164,
    "y": 10365.741540625835
  },
  "Isotopes": {
    "x": 181.82878785537986,
    "y": 10370.40585909325
  },
  "Valence Electrons": {
    "x": 343.4243650236589,
    "y": 10181.69351232062
  },
  "Ions": {
    "x": 279.9191302453061,
    "y": 10336.743403708002
  },
  "Periodic Table": {
    "x": 488.3929429334984,
    "y": 10271.580393077764
  },
  "Electronegativity": {
    "x": 343.72639269366584,
    "y": 9901.550005748011
  },
  "Octet/Duet Rule": {
    "x": 312.2705813187076,
    "y": 9995.82609885542
  },
  "Atomic LDS": {
    "x": 228.02722966627883,
    "y": 10088.832658034733
  },
  "Average Atomic Mass": {
    "x": 62.890121417525904,
    "y": 10112.530045120071
  },
  "Isotopic Abundance": {
    "x": 28.380868944120152,
    "y": 10217.866881431197
  },
  "Atomic Misc (History, Size, etc.)": {
    "x": 773.92314749664,
    "y": 10413.730420833246
  },
  "Bohr Model": {
    "x": 578.4919081686984,
    "y": 10358.651428905827
  },
  "Quantum Model": {
    "x": 696.2362237422283,
    "y": 10223.28932939627
  },
  "Quantum Numbers": {
    "x": 883.1352950181896,
    "y": 10196.56538464569
  },
  "Electron Configuration": {
    "x": 790.2930390221268,
    "y": 10092.763983102437
  },
  "Noble Gas Configuration": {
    "x": 832.3288074873751,
    "y": 9979.53528845827
  },
  "Orbital Diagram": {
    "x": 1064.9504884315688,
    "y": 9982.855185429346
  },
  "Rules (Aufbau, Hund, Pauli)": {
    "x": 1044.1666725847929,
    "y": 10110.680887390192
  },
  "Atomic Radius & Other Trends": {
    "x": 569.5245832262503,
    "y": 10160.06269229517
  },
  "Atomic Emission Spectrum": {
    "x": 808.3073888513688,
    "y": 10326.712850255653
  },
  "Energy Calculations": {
    "x": 1075.9757414099765,
    "y": 10277.365679523009
  },
  "Isotopic Notation": {
    "x": 200.92580303608315,
    "y": 10246.082209361466
  },
  "Mass Spectrometry": {
    "x": 40.819988648265166,
    "y": 10320.755751766483
  },
  "MOLECULES & COMPOUNDS": {
    "x": 668.6328037747376,
    "y": 9594.183517150035
  },
  "Molecules & Compounds": {
    "x": 556.1928710941837,
    "y": 9789.147888409454
  },
  "Covalent Bonds": {
    "x": 371.78347559701615,
    "y": 9701.60473971695
  },
  "Ionic Bonds": {
    "x": 513.3071116474498,
    "y": 9646.27734074123
  },
  "Metallic Bonds": {
    "x": 730.2705277901741,
    "y": 9694.441480279815
  },
  "Molecular LDS": {
    "x": 225.67134451075006,
    "y": 9614.816855631874
  },
  "Polyatomic Ions": {
    "x": 509.8661931157028,
    "y": 9536.056699291481
  },
  "VSEPR and Molecular Geometry": {
    "x": 757.0245218190447,
    "y": 9583.745466373823
  },
  "Formal Charge": {
    "x": 226.0412237683415,
    "y": 9516.857668115625
  },
  "Resonance": {
    "x": 218.3483854944288,
    "y": 9424.046733700146
  },
  "Molecular Naming": {
    "x": 371.9581231330187,
    "y": 9399.219145890618
  },
  "Valence Bond Theory": {
    "x": 935.6316028314291,
    "y": 9499.987810325309
  },
  "Bond Hybridization": {
    "x": 1089.094263038725,
    "y": 9400.779688444054
  },
  "Counting Atoms": {
    "x": 650.2176353218288,
    "y": 9434.36048883084
  },
  "INTERMOLECULAR FORCES": {
    "x": -283.5145055687669,
    "y": 9407.095896327864
  },
  "Polarity": {
    "x": 15.06726997095248,
    "y": 9533.602000000526
  },
  "Intermolecular Forces": {
    "x": -152.1612503676417,
    "y": 9504.009258231055
  },
  "Types of IMFs": {
    "x": -311.80851993302684,
    "y": 9444.525422631272
  },
  "IMF Trends": {
    "x": -423.88690022345276,
    "y": 9366.279416433195
  },
  "Crystalline Solids": {
    "x": -537.0962811084862,
    "y": 9280.5897926552
  },
  "SOLUTION": {
    "x": 179.06033337593277,
    "y": 8464.296638100172
  },
  "Solution": {
    "x": 228.52824177416693,
    "y": 8607.308632418617
  },
  "Solubility & Saturation": {
    "x": 57.442794414028924,
    "y": 8535.257102037653
  },
  "Molarity": {
    "x": 221.79391456958956,
    "y": 8518.193066648422
  },
  "Molality": {
    "x": 80.27182866296101,
    "y": 8452.332256147969
  },
  "Dilution": {
    "x": 368.1778723378366,
    "y": 8413.385264206167
  },
  "Spectrophotometry": {
    "x": 220.34874787379857,
    "y": 8421.116071798524
  },
  "Beer's Law": {
    "x": 205.50992507093292,
    "y": 8321.284643781726
  },
  "CHEMICAL RXNS": {
    "x": 689.5960992633632,
    "y": 9157.22807429361
  },
  "Types of Rxns": {
    "x": 428.7153709308526,
    "y": 9162.640673347392
  },
  "Solubility Rules": {
    "x": 627.0247918617122,
    "y": 9127.63049626729
  },
  "Activity Series": {
    "x": 749.0462715277952,
    "y": 9062.040841232236
  },
  "Rxn Predictions": {
    "x": 427.44106266390816,
    "y": 9055.298443762775
  },
  "Chemical Rxns": {
    "x": 418.56010679663854,
    "y": 9259.157704824445
  },
  "Chemical Equation": {
    "x": 752.7673141255759,
    "y": 9204.344089695316
  },
  "Balancing Equations": {
    "x": 933.7511358628182,
    "y": 9108.037038248856
  },
  "STOICHIOMETRY": {
    "x": 718.9158165752532,
    "y": 8647.883718861172
  },
  "Mass-Particle": {
    "x": 707.6063247533087,
    "y": 8665.703358966864
  },
  "Mole Ratio": {
    "x": 904.2513582297199,
    "y": 8855.188018728297
  },
  "Molar Mass": {
    "x": 533.5802749207865,
    "y": 8863.47299317347
  },
  "Mole-Mass": {
    "x": 586.5219702090835,
    "y": 8768.555227202762
  },
  "Mole-Particle": {
    "x": 709.3216923006255,
    "y": 8814.485538352106
  },
  "Mole-Mole": {
    "x": 850.0555787923645,
    "y": 8762.446164699686
  },
  "Limiting Reactant": {
    "x": 775.2823695226349,
    "y": 8564.885755147707
  },
  "Excess Reactant": {
    "x": 827.3082114714673,
    "y": 8377.558740785762
  },
  "Theoretical Yield": {
    "x": 792.5377395913694,
    "y": 8472.1898070028
  },
  "Avogadro's #": {
    "x": 711.5872874534166,
    "y": 8918.208696936585
  },
  "GAS LAWS": {
    "x": 668.7776482477303,
    "y": 8067.253227570872
  },
  "Gas Stoichiometry": {
    "x": 847.1527862857998,
    "y": 8150.411564686958
  },
  "Gas Properties": {
    "x": 636.3982504874721,
    "y": 8216.48482658442
  },
  "Ideal Gas Law": {
    "x": 569.2814882057237,
    "y": 8096.186106071611
  },
  "Partial Pressure": {
    "x": 736.3090650431938,
    "y": 8062.640786641141
  },
  "Boyle's Law": {
    "x": 693.1663375487449,
    "y": 7989.357219712393
  },
  "Charles's Law": {
    "x": 602.5102914530564,
    "y": 7918.021628557324
  },
  "Gay-Lussac's Law": {
    "x": 485.90251020966076,
    "y": 7987.417522437863
  },
  "ACIDS & BASES": {
    "x": 1400.563757236734,
    "y": 8271.832285554216
  },
  "Acid-Base Rxn": {
    "x": 1354.044249686246,
    "y": 8431.53218283441
  },
  "Acids & Bases": {
    "x": 1073.6763234136843,
    "y": 8478.609404044751
  },
  "Arrhenius": {
    "x": 1540.8476603829574,
    "y": 8382.622278040142
  },
  "Naming Acids & Bases": {
    "x": 1695.9511910597842,
    "y": 8302.375961221325
  },
  "pH & Indicators": {
    "x": 1101.6570271535427,
    "y": 8380.831351234525
  },
  "[H+], [OH-], Kw, pOH, pKw": {
    "x": 1185.8812289895966,
    "y": 8261.007247290923
  },
  "Ka, pKa": {
    "x": 1400.0497414761924,
    "y": 8149.509315729644
  },
  "Strength": {
    "x": 1536.2005921376226,
    "y": 8065.05516706368
  },
  "Bronsted-Lowry": {
    "x": 1510.706959234379,
    "y": 8300.876227820436
  },
  "Conjugate Pairs": {
    "x": 1588.816280347316,
    "y": 8204.760929889208
  },
  "Henderson-Hasselbalch": {
    "x": 1196.1264550834487,
    "y": 8071.784193149552
  },
  "Titration": {
    "x": 1110.9191354199074,
    "y": 8151.67206406581
  },
  "PHYSICAL PROPERTIES": {
    "x": -616.8701745421461,
    "y": 8392.32448472237
  },
  "Density": {
    "x": -741.161257915517,
    "y": 8683.199855970299
  },
  "Solids, Liquids, Gases": {
    "x": -974.3983070003351,
    "y": 8815.304882595547
  },