{
  "ATOMS": {
    "x": 534.8160398845705,
    "y": 10179.05239526735
  },
  "Atomic Structure": {
    "x": 342.24380447197365,
    "y": 10456.55478478669
  },
  "Elements": {
    "x": 443.7270648071164,
    "y": 10365.741540625835
  },
  "Isotopes": {
    "x": 181.82878785537986,
    "y": 10370.40585909325
  },
  "Valence Electrons": {
    "x": 343.4243650236589,
    "y": 10181.69351232062
  },
  "Ions": {
    "x": 279.9191302453061,
    "y": 10336.743403708002
  },
  "Periodic Table": {
    "x": 499.26098348921596,
    "y": 10260.712352522047
  },
  "Electronegativity": {
    "x": 343.72639269366584,
    "y": 9901.550005748011
  },
  "Octet/Duet Rule": {
    "x": 312.2705813187076,
    "y": 9995.82609885542
  },
  "Atomic LDS": {
    "x": 228.02722966627883,
    "y": 10088.832658034733
  },
  "Average Atomic Mass": {
    "x": 62.890121417525904,
    "y": 10112.530045120071
  },
  "Isotopic Abundance": {
    "x": 28.380868944120152,
    "y": 10217.866881431197
  },
  "Atomic Misc (History, Size, etc.)": {
    "x": 799.2819087933144,
    "y": 10413.730420833246
  },
  "Bohr Model": {
    "x": 592.9826289096552,
    "y": 10378.576169924641
  },
  "Quantum Model": {
    "x": 696.2362237422283,
    "y": 10223.28932939627
  },
  "Quantum Numbers": {
    "x": 883.1352950181896,
    "y": 10196.56538464569
  },
  "Electron Configuration": {
    "x": 788.4816989295073,
    "y": 10123.55676467697
  },
  "Noble Gas Configuration": {
    "x": 823.2721070242771,
    "y": 10026.630130866379
  },
  "Orbital Diagram": {
    "x": 1028.723686579177,
    "y": 10020.893327374357
  },
  "Rules (Aufbau, Hund, Pauli)": {
    "x": 1009.7512108250206,
    "y": 10112.492227482811
  },
  "Atomic Radius & Other Trends": {
    "x": 571.33592331887,
    "y": 10158.251352202553
  },
  "Atomic Emission Spectrum": {
    "x": 808.3073888513688,
    "y": 10326.712850255653
  },
  "Energy Calculations": {
    "x": 1030.6922390944865,
    "y": 10252.006918226334
  },
  "Isotopic Notation": {
    "x": 188.24642238774595,
    "y": 10224.34612825003
  },
  "Mass Spectrometry": {
    "x": 40.819988648265166,
    "y": 10320.755751766483
  },
  "MOLECULES & COMPOUNDS": {
    "x": 667.2635615488223,
    "y": 9594.183517150035
  },
  "Molecules & Compounds": {
    "x": 556.1928710941837,
    "y": 9789.147888409454
  },
  "Covalent Bonds": {
    "x": 383.6920369388423,
    "y": 9701.60473971695
  },
  "Ionic Bonds": {
    "x": 505.36807075289903,
    "y": 9667.448116460031
  },
  "Metallic Bonds": {
    "x": 668.9203587577426,
    "y": 9663.510553987442
  },
  "Molecular LDS": {
    "x": 233.07729727714525,
    "y": 9648.143643080652
  },
  "Polyatomic Ions": {
    "x": 509.8661931157028,
    "y": 9536.056699291481
  },
  "VSEPR and Molecular Geometry": {
    "x": 757.0245218190447,
    "y": 9583.745466373823
  },
  "Formal Charge": {
    "x": 229.74420015153908,
    "y": 9547.715804642272
  },
  "Resonance": {
    "x": 222.0513618776264,
    "y": 9438.858639232938
  },
  "Molecular Naming": {
    "x": 371.9581231330187,
    "y": 9399.219145890618
  },
  "Valence Bond Theory": {
    "x": 899.9059188059507,
    "y": 9490.725595948332
  },
  "Bond Hybridization": {
    "x": 1087.2829229461056,
    "y": 9429.761129925968
  },
  "Counting Atoms": {
    "x": 650.2176353218288,
    "y": 9434.36048883084
  },
  "INTERMOLECULAR FORCES": {
    "x": -227.4550511750545,
    "y": 9442.332160017475
  },
  "Polarity": {
    "x": 66.1267243646648,
    "y": 9568.838263690139
  },
  "Intermolecular Forces": {
    "x": -101.1017959739294,
    "y": 9539.245521920668
  },
  "Types of IMFs": {
    "x": -260.74906553931453,
    "y": 9479.761686320884
  },
  "IMF Trends": {
    "x": -372.82744582974044,
    "y": 9401.515680122808
  },
  "Crystalline Solids": {
    "x": -486.03682671477384,
    "y": 9315.826056344813
  },
  "SOLUTION": {
    "x": 186.56033337593277,
    "y": 8464.296638100172
  },
  "Solution": {
    "x": 228.52824177416693,
    "y": 8607.308632418617
  },
  "Solubility & Saturation": {
    "x": 57.442794414028924,
    "y": 8535.257102037653
  },
  "Molarity": {
    "x": 221.79391456958956,
    "y": 8518.193066648422
  },
  "Molality": {
    "x": 80.27182866296101,
    "y": 8452.332256147969
  },
  "Dilution": {
    "x": 368.1778723378366,
    "y": 8413.385264206167
  },
  "Spectrophotometry": {
    "x": 220.34874787379857,
    "y": 8421.116071798524
  },
  "Beer's Law": {
    "x": 205.50992507093292,
    "y": 8321.284643781726
  },
  "CHEMICAL RXNS": {
    "x": 686.6556213297283,
    "y": 9157.22807429361
  },
  "Types of Rxns": {
    "x": 428.7153709308526,
    "y": 9162.640673347392
  },
  "Solubility Rules": {
    "x": 572.0247918617122,
    "y": 9130.63049626729
  },
  "Activity Series": {
    "x": 727.0462715277952,
    "y": 9091.040841232236
  },
  "Rxn Predictions": {
    "x": 427.44106266390816,
    "y": 9055.298443762775
  },
  "Chemical Rxns": {
    "x": 418.56010679663854,
    "y": 9259.157704824445
  },
  "Chemical Equation": {
    "x": 752.7673141255759,
    "y": 9204.344089695316
  },
  "Balancing Equations": {
    "x": 933.7511358628182,
    "y": 9108.037038248856
  },
  "STOICHIOMETRY": {
    "x": 718.9158165752532,
    "y": 8647.883718861172
  },
  "Mass-Particle": {
    "x": 707.6063247533087,
    "y": 8665.703358966864
  },
  "Mole Ratio": {
    "x": 904.2513582297199,
    "y": 8855.188018728297
  },
  "Molar Mass": {
    "x": 533.5802749207865,
    "y": 8863.47299317347
  },
  "Mole-Mass": {
    "x": 586.5219702090835,
    "y": 8768.555227202762
  },
  "Mole-Particle": {
    "x": 709.3216923006255,
    "y": 8814.485538352106
  },
  "Mole-Mole": {
    "x": 850.0555787923645,
    "y": 8762.446164699686
  },
  "Limiting Reactant": {
    "x": 775.2823695226349,
    "y": 8564.885755147707
  },
  "Excess Reactant": {
    "x": 827.3082114714673,
    "y": 8377.558740785762
  },
  "Theoretical Yield": {
    "x": 792.5377395913694,
    "y": 8472.1898070028
  },
  "Avogadro's #": {
    "x": 711.5872874534166,
    "y": 8918.208696936585
  },
  "GAS LAWS": {
    "x": 561.9864584425302,
    "y": 8033.540167628081
  },
  "Gas Stoichiometry": {
    "x": 583.9223802757776,
    "y": 8210.285498527108
  },
  "Gas Properties": {
    "x": 557.9400857034937,
    "y": 8117.804202075192
  },
  "Ideal Gas Law": {
    "x": 514.5440841196834,
    "y": 8026.220086617785
  },
  "Partial Pressure": {
    "x": 671.5839722422321,
    "y": 8021.389372242714
  },
  "Boyle's Law": {
    "x": 644.6712389095304,
    "y": 7923.136583526662
  },
  "Charles's Law": {
    "x": 566.4998037074935,
    "y": 7856.794836729054
  },
  "Gay-Lussac's Law": {
    "x": 452.38894464282816,
    "y": 7921.196886252132
  },
  "ACIDS & BASES": {
    "x": 1299.664301814655,
    "y": 8213.64853008162
  },
  "Acid-Base Rxn": {
    "x": 1279.0489340616698,
    "y": 8461.849438086896
  },
  "Acids & Bases": {
    "x": 1076.867613440262,
    "y": 8484.991984097906
  },
  "Arrhenius": {
    "x": 1409.5373644245315,
    "y": 8367.560365617432
  },
  "Naming Acids & Bases": {
    "x": 1341.3061207038745,
    "y": 8223.859853645543
  },
  "pH & Indicators": {
    "x": 1092.183313169844,
    "y": 8382.608475283943
  },
  "[H+], [OH-], Kw, pOH, pKw": {
    "x": 1166.7490208497463,
    "y": 8282.389281298481
  },
  "Ka, pKa": {
    "x": 1314.683648978515,
    "y": 8097.115412170235
  },
  "Strength": {
    "x": 1434.259317685103,
    "y": 8003.981931134715
  },
  "Bronsted-Lowry": {
    "x": 1518.9609901890478,
    "y": 8287.327584929855
  },
  "Conjugate Pairs": {
    "x": 1502.749080546528,
    "y": 8179.272713130438
  },
  "Henderson-Hasselbalch": {
    "x": 1272.8821666836275,
    "y": 7942.305076065335
  },
  "Titration": {
    "x": 1136.941377730872,
    "y": 8167.55496250989
  },
  "ENERGY": {
    "x": 154.37628131458325,
    "y": 7873.858887120017
  },
  "Enthalpy": {
    "x": 116.32116532612906,
    "y": 8024.678447125387
  },
  "Energy Diagram": {
    "x": 228.05403667668497,
    "y": 8096.834668338623
  },