{
  "Atomic Structure": {
    "x": 345.68409920015057,
    "y": 10432.47272168945
  },
  "Elements": {
    "x": 447.1673595352933,
    "y": 10341.659477528596
  },
  "Isotopes": {
    "x": 185.26908258355678,
    "y": 10346.32379599601
  },
  "Isotopic Notation": {
    "x": 191.68671711592287,
    "y": 10200.26406515279
  },
  "Valence Electrons": {
    "x": 384.67807976882574,
    "y": 10132.25027121621
  },
  "Ions": {
    "x": 283.35942497348304,
    "y": 10312.661340610763
  },
  "Molecules & Compounds": {
    "x": 515.6928562571701,
    "y": 9713.131795505835
  },
  "Covalent Bonds": {
    "x": 272.85814005210244,
    "y": 9594.03196808001
  },
  "Ionic Bonds": {
    "x": 469.97758393514897,
    "y": 9618.714409098377
  },
  "Metallic Bonds": {
    "x": 660.2427829244635,
    "y": 9615.041783940338
  },
  "Periodic Table": {
    "x": 502.7012782173929,
    "y": 10236.630289424807
  },
  "Electronegativity": {
    "x": 62.03429283013843,
    "y": 9945.924051338528
  },
  "Octet/Duet Rule": {
    "x": 291.59432187953644,
    "y": 9982.724756587226
  },
  "Atomic LDS": {
    "x": 495.53648876517303,
    "y": 10032.82964874258
  },
  "Molecular LDS": {
    "x": 178.72608682848093,
    "y": 9497.879929285851
  },
  "Polyatomic Ions": {
    "x": 325.04957576798313,
    "y": 9716.189712391033
  },
  "Average Atomic Mass": {
    "x": 163.23367634381123,
    "y": 10055.137486329733
  },
  "Isotopic Abundance": {
    "x": 30.307050231701623,
    "y": 10160.474322640855
  },
  "Mass Spectrometry": {
    "x": 44.26028337644209,
    "y": 10296.673688669243
  },
  "Atomic Misc (History, Size, etc.)": {
    "x": 802.7222035214913,
    "y": 10389.648357736007
  },
  "VSEPR and Molecular Geometry": {
    "x": 993.9817763453907,
    "y": 9485.235185164613
  },
  "Formal Charge": {
    "x": 37.975037149989475,
    "y": 9492.0046119339
  },
  "Resonance": {
    "x": 42.06584184162913,
    "y": 9596.617583309406
  },
  "Bohr Model": {
    "x": 596.4229236378321,
    "y": 10354.494106827402
  },
  "Quantum Model": {
    "x": 725.4164469605278,
    "y": 10209.806060383196
  },
  "Quantum Numbers": {
    "x": 811.0449866584182,
    "y": 10106.424320507986
  },
  "Electron Configuration": {
    "x": 1001.0421713467885,
    "y": 10133.9281456183
  },
  "Orbital Diagram": {
    "x": 1027.3513825530868,
    "y": 9938.70901556425
  },
  "Rules (Aufbau, Hund, Pauli)": {
    "x": 837.9936852834674,
    "y": 10011.734553394674
  },
  "Atomic Radius & Other Trends": {
    "x": 600.7762180470469,
    "y": 10120.169289105314
  },
  "Atomic Emission Spectrum": {
    "x": 811.7476835795458,
    "y": 10302.630787158414
  },
  "Noble Gas Configuration": {
    "x": 1164.113223488724,
    "y": 10043.813527499502
  },
  "Valence Bond Theory": {
    "x": 1033.64838720317,
    "y": 9693.312706277715
  },
  "Bond Hybridization": {
    "x": 901.9405215071123,
    "y": 9592.253311614786
  },
  "Energy Calculations": {
    "x": 1034.1325338226632,
    "y": 10227.924855129095
  },
  "Types of Rxns": {
    "x": 422.3434985118122,
    "y": 9076.373128612822
  },
  "Acid-Base Rxn": {
    "x": -185.03959004650164,
    "y": 9527.731515439435
  },
  "Molecular Naming": {
    "x": 277.0588550093766,
    "y": 9406.415669385415
  },
  "Solubility Rules": {
    "x": 731.9094013278328,
    "y": 9179.156213448725
  },
  "Activity Series": {
    "x": 858.354083175371,
    "y": 9182.053588408353
  },
  "Chemical Rxns": {
    "x": 439.8642918365914,
    "y": 9175.321583334598
  },
  "Crystalline Solids": {
    "x": 1105.7944630354523,
    "y": 9286.658381162351
  },
  "Rxn Predictions": {
    "x": 856.9429335300887,
    "y": 9092.856076015229
  },
  "Solids, Liquids, Gases": {
    "x": 1453.3085750791395,
    "y": 8419.150487888737
  },
  "Phase Changes": {
    "x": 1310.6491484322723,
    "y": 8420.938568121235
  },
  "Phase Diagrams": {
    "x": 1310.8813489089566,
    "y": 8337.209274465773
  },
  "Colligative Properties": {
    "x": 1142.794615716251,
    "y": 8281.625252847796
  },
  "Colligative Calculations": {
    "x": 1564.857485132053,
    "y": 8278.801575174744
  },
  "Heating Curve": {
    "x": 1446.6016154444571,
    "y": 8336.254898150031
  },
  "Calorimetry": {
    "x": 1229.4493688057128,
    "y": 8162.184532949663
  },
  "Pure vs Mixture": {
    "x": 1042.6653576996746,
    "y": 8366.977836638283
  },
  "Enthalpy": {
    "x": 1044.8382436297986,
    "y": 8111.539456747517
  },
  "Energy Diagram": {
    "x": 1045.3588879011936,
    "y": 8025.612605041047
  },
  "Energy": {
    "x": 915.7810283464066,
    "y": 8025.791774970792
  },
  "Heat Stoichiometry": {
    "x": 910.3525149571187,
    "y": 8169.459182340103
  },
  "Enthalpy of Formation": {
    "x": 1196.3478880582593,
    "y": 7998.669271362377
  },
  "Enthalpy of Reaction": {
    "x": 1314.5469043227095,
    "y": 8085.647387854242
  },
  "Hess's Law": {
    "x": 1402.776910321116,
    "y": 7998.629134850123
  },
  "Entropy": {
    "x": 1413.0110615831054,
    "y": 8155.632493635998
  },
  "Gibbs Free Energy": {
    "x": 1486.583541884934,
    "y": 8079.423539147532
  },
  "Polarity": {
    "x": 1100.982696029207,
    "y": 9170.737770105601
  },
  "Intermolecular Forces": {
    "x": 1240.3878009854266,
    "y": 9175.956060264783
  },
  "Types of IMFs": {
    "x": 1383.5831826891483,
    "y": 9221.96753330052
  },
  "IMF Trends": {
    "x": 1248.0574742634224,
    "y": 9282.836664309465
  },
  "Solution": {
    "x": 1174.400323065759,
    "y": 8743.815247707682
  },
  "Solubility & Saturation": {
    "x": 1326.7987206631367,
    "y": 8696.691013013313
  },
  "Molarity": {
    "x": 1020.6824023657532,
    "y": 8842.798477876024
  },
  "Molality": {
    "x": 978.7445776484213,
    "y": 8734.742242285027
  },
  "Dilution": {
    "x": 1022.0836684923631,
    "y": 8936.73977858629
  },
  "Homo vs Hetero": {
    "x": 1222.5650884711356,
    "y": 8619.217575979561
  },
  "Spectrophotometry": {
    "x": 1197.7727413050793,
    "y": 8836.545302711278
  },
  "Beer's Law": {
    "x": 1202.028484074182,
    "y": 8933.320367416472
  },
  "Serparation Techniques": {
    "x": 1092.5343692406616,
    "y": 8658.628729091206
  },
  "Density": {
    "x": 1178.9334303772766,
    "y": 8423.896693640607
  },
  "Chemical Equation": {
    "x": 703.7704656666725,
    "y": 9021.167781809545
  },
  "Balancing Equations": {
    "x": 615.3981267143872,
    "y": 9148.375317567215
  },
  "Counting Atoms": {
    "x": 665.3771052473729,
    "y": 9439.413645472687
  },
  "Molar Mass": {
    "x": 430.15009647172224,
    "y": 8890.732888445687
  },
  "Avogadro's #": {
    "x": 283.9700135703827,
    "y": 8721.819136319202
  },
  "Mole Ratio": {
    "x": 568.8448717920282,
    "y": 8888.8295487157
  },
  "Mass-Particle": {
    "x": 489.7912195401912,
    "y": 8533.640274426863
  },
  "Mole-Mass": {
    "x": 427.3910304517812,
    "y": 8744.803110912164
  },
  "Mole-Particle": {
    "x": 369.83264586581095,
    "y": 8634.376765555899
  },
  "Mole-Mole": {
    "x": 548.5366315080997,
    "y": 8815.389935649828
  },
  "Limiting Reactant": {
    "x": 809.7027937446244,
    "y": 8535.17392216508
  },
  "Excess Reactant": {
    "x": 814.1469900845259,
    "y": 8885.998975989924
  },
  "Theoretical, Actual, and Percent Yield": {
    "x": 806.7941108010713,
    "y": 8623.742480788787
  },
  "Gas Stoichiometry": {
    "x": 569.9728090452716,
    "y": 8346.470986281447
  },
  "Gas Properties": {
    "x": 623.7697181628587,
    "y": 8264.993717924686
  },
  "Ideal Gas Law": {
    "x": 544.8145384026001,
    "y": 8142.819977595564
  },
  "Partial Pressure": {
    "x": 671.4279390162458,
    "y": 8148.883014008289
  },
  "Boyle's Law": {
    "x": 657.313036333864,
    "y": 8049.513911555956
  },
  "Charles's Law": {
    "x": 515.8480459858844,
    "y": 8055.028914748278
  },
  "Gay-Lussac's Law": {
    "x": 491.94542698266946,
    "y": 8243.219029231088
  },
  "Scientific Notation": {
    "x": 100.20365629378826,
    "y": 8873.729128434601
  },