{
  "Atomic Structure": {
    "x": 460.8872684716949,
    "y": 10290.388812921212
  },
  "Elements": {
    "x": 579.6949400743002,
    "y": 10193.800765004537
  },
  "Isotopes": {
    "x": 317.16880249422053,
    "y": 10249.559096105382
  },
  "Isotopic Notation": {
    "x": 120.93981403323022,
    "y": 10117.762091283434
  },
  "Valence Electrons": {
    "x": 584.0776576900505,
    "y": 10021.183576287667
  },
  "Ions": {
    "x": 398.56259424502736,
    "y": 10170.577431842525
  },
  "Molecules & Compounds": {
    "x": 515.6928562571701,
    "y": 9713.131795505835
  },
  "Covalent Bonds": {
    "x": 272.85814005210244,
    "y": 9594.03196808001
  },
  "Ionic Bonds": {
    "x": 469.97758393514897,
    "y": 9618.714409098377
  },
  "Metallic Bonds": {
    "x": 660.2427829244635,
    "y": 9615.041783940338
  },
  "Periodic Table": {
    "x": 642.4480593172865,
    "y": 10123.420399435672
  },
  "Electronegativity": {
    "x": 99.65956882096977,
    "y": 9922.187759309298
  },
  "Octet/Duet Rule": {
    "x": 283.426839511589,
    "y": 9921.190411323742
  },
  "Atomic LDS": {
    "x": 637.6437160201415,
    "y": 9917.214750298705
  },
  "Molecular LDS": {
    "x": 178.72608682848093,
    "y": 9497.879929285851
  },
  "Polyatomic Ions": {
    "x": 325.04957576798313,
    "y": 9716.189712391033
  },
  "Average Atomic Mass": {
    "x": -149.2006301588678,
    "y": 10247.503460837614
  },
  "Isotopic Abundance": {
    "x": -13.472146423050788,
    "y": 10248.247758783791
  },
  "Mass Spectrometry": {
    "x": 135.61123744924436,
    "y": 10245.228197656223
  },
  "Atomic Misc (History, Size, etc.)": {
    "x": 687.1108297021564,
    "y": 10271.656119901845
  },
  "VSEPR and Molecular Geometry": {
    "x": 993.9817763453907,
    "y": 9485.235185164613
  },
  "Formal Charge": {
    "x": 37.975037149989475,
    "y": 9492.0046119339
  },
  "Resonance": {
    "x": 42.06584184162913,
    "y": 9596.617583309406
  },
  "Bohr Model": {
    "x": 726.3681901041722,
    "y": 10197.668100864368
  },
  "Quantum Model": {
    "x": 938.8749479463867,
    "y": 10171.893125643013
  },
  "Quantum Numbers": {
    "x": 989.2871433921135,
    "y": 10072.259512389728
  },
  "Electron Configuration": {
    "x": 1137.8931469838199,
    "y": 10071.70403843897
  },
  "Orbital Diagram": {
    "x": 1002.3755847033531,
    "y": 9894.101388820998
  },
  "Rules (Aufbau, Hund, Pauli)": {
    "x": 991.0637924784771,
    "y": 9989.614649163857
  },
  "Atomic Radius & Other Trends": {
    "x": 754.6726798862002,
    "y": 10040.2012748959
  },
  "Atomic Emission Spectrum": {
    "x": 862.1441219196507,
    "y": 10098.927174672137
  },
  "Noble Gas Configuration": {
    "x": 1156.8241336386482,
    "y": 9948.461488405228
  },
  "Valence Bond Theory": {
    "x": 1033.64838720317,
    "y": 9693.312706277715
  },
  "Bond Hybridization": {
    "x": 901.9405215071123,
    "y": 9592.253311614786
  },
  "Energy Calculations": {
    "x": 863.3797582447299,
    "y": 9927.415550863563
  },
  "Types of Rxns": {
    "x": 422.3434985118122,
    "y": 9076.373128612822
  },
  "Acid-Base Rxn": {
    "x": -185.03959004650164,
    "y": 9527.731515439435
  },
  "Molecular Naming": {
    "x": 277.0588550093766,
    "y": 9406.415669385415
  },
  "Solubility Rules": {
    "x": 731.9094013278328,
    "y": 9179.156213448725
  },
  "Activity Series": {
    "x": 858.354083175371,
    "y": 9182.053588408353
  },
  "Chemical Rxns": {
    "x": 439.8642918365914,
    "y": 9175.321583334598
  },
  "Crystalline Solids": {
    "x": 1105.7944630354523,
    "y": 9286.658381162351
  },
  "Rxn Predictions": {
    "x": 856.9429335300887,
    "y": 9092.856076015229
  },
  "Solids, Liquids, Gases": {
    "x": 1453.3085750791395,
    "y": 8419.150487888737
  },
  "Phase Changes": {
    "x": 1310.6491484322723,
    "y": 8420.938568121235
  },
  "Phase Diagrams": {
    "x": 1310.8813489089566,
    "y": 8337.209274465773
  },
  "Colligative Properties": {
    "x": 1142.794615716251,
    "y": 8281.625252847796
  },
  "Colligative Calculations": {
    "x": 1564.857485132053,
    "y": 8278.801575174744
  },
  "Heating Curve": {
    "x": 1446.6016154444571,
    "y": 8336.254898150031
  },
  "Calorimetry": {
    "x": 1229.4493688057128,
    "y": 8162.184532949663
  },
  "Pure vs Mixture": {
    "x": 1042.6653576996746,
    "y": 8366.977836638283
  },
  "Enthalpy": {
    "x": 1044.8382436297986,
    "y": 8111.539456747517
  },
  "Energy Diagram": {
    "x": 1045.3588879011936,
    "y": 8025.612605041047
  },
  "Energy": {
    "x": 915.7810283464066,
    "y": 8025.791774970792
  },
  "Heat Stoichiometry": {
    "x": 910.3525149571187,
    "y": 8169.459182340103
  },
  "Enthalpy of Formation": {
    "x": 1196.3478880582593,
    "y": 7998.669271362377
  },
  "Enthalpy of Reaction": {
    "x": 1314.5469043227095,
    "y": 8085.647387854242
  },
  "Hess's Law": {
    "x": 1402.776910321116,
    "y": 7998.629134850123
  },
  "Entropy": {
    "x": 1413.0110615831054,
    "y": 8155.632493635998
  },
  "Gibbs Free Energy": {
    "x": 1486.583541884934,
    "y": 8079.423539147532
  },
  "Polarity": {
    "x": 1100.982696029207,
    "y": 9170.737770105601
  },
  "Intermolecular Forces": {
    "x": 1240.3878009854266,
    "y": 9175.956060264783
  },
  "Types of IMFs": {
    "x": 1383.5831826891483,
    "y": 9221.96753330052
  },
  "IMF Trends": {
    "x": 1248.0574742634224,
    "y": 9282.836664309465
  },
  "Solution": {
    "x": 1174.400323065759,
    "y": 8743.815247707682
  },
  "Solubility & Saturation": {
    "x": 1326.7987206631367,
    "y": 8696.691013013313
  },
  "Molarity": {
    "x": 1020.6824023657532,
    "y": 8842.798477876024
  },
  "Molality": {
    "x": 978.7445776484213,
    "y": 8734.742242285027
  },
  "Dilution": {
    "x": 1022.0836684923631,
    "y": 8936.73977858629
  },
  "Homo vs Hetero": {
    "x": 1222.5650884711356,
    "y": 8619.217575979561
  },
  "Spectrophotometry": {
    "x": 1197.7727413050793,
    "y": 8836.545302711278
  },
  "Beer's Law": {
    "x": 1202.028484074182,
    "y": 8933.320367416472
  },
  "Serparation Techniques": {
    "x": 1092.5343692406616,
    "y": 8658.628729091206
  },
  "Density": {
    "x": 1178.9334303772766,
    "y": 8423.896693640607
  },
  "Chemical Equation": {
    "x": 703.7704656666725,
    "y": 9021.167781809545
  },
  "Balancing Equations": {
    "x": 615.3981267143872,
    "y": 9148.375317567215
  },
  "Counting Atoms": {
    "x": 665.3771052473729,
    "y": 9439.413645472687
  },
  "Molar Mass": {
    "x": 430.15009647172224,
    "y": 8890.732888445687
  },
  "Avogadro's #": {
    "x": 283.9700135703827,
    "y": 8721.819136319202
  },
  "Mole Ratio": {
    "x": 568.8448717920282,
    "y": 8888.8295487157
  },
  "Mass-Particle": {
    "x": 489.7912195401912,
    "y": 8533.640274426863
  },
  "Mole-Mass": {
    "x": 427.3910304517812,
    "y": 8744.803110912164
  },
  "Mole-Particle": {
    "x": 369.83264586581095,
    "y": 8634.376765555899
  },
  "Mole-Mole": {
    "x": 548.5366315080997,
    "y": 8815.389935649828
  },
  "Limiting Reactant": {
    "x": 809.7027937446244,
    "y": 8535.17392216508
  },
  "Excess Reactant": {
    "x": 814.1469900845259,
    "y": 8885.998975989924
  },
  "Theoretical, Actual, and Percent Yield": {
    "x": 806.7941108010713,
    "y": 8623.742480788787
  },
  "Gas Stoichiometry": {
    "x": 569.9728090452716,
    "y": 8346.470986281447
  },
  "Gas Properties": {
    "x": 623.7697181628587,
    "y": 8264.993717924686
  },
  "Ideal Gas Law": {
    "x": 544.8145384026001,
    "y": 8142.819977595564
  },
  "Partial Pressure": {
    "x": 671.4279390162458,
    "y": 8148.883014008289
  },
  "Boyle's Law": {
    "x": 657.313036333864,
    "y": 8049.513911555956
  },
  "Charles's Law": {
    "x": 515.8480459858844,
    "y": 8055.028914748278
  },
  "Gay-Lussac's Law": {
    "x": 491.94542698266946,
    "y": 8243.219029231088
  },
  "Scientific Notation": {
    "x": 100.20365629378826,
    "y": 8873.729128434601
  },