{
  "Atomic Structure": {
    "x": 2766.6920866710525,
    "y": 698.184466195057
  },
  "Elements": {
    "x": 3174.3137566719006,
    "y": 775.280020828817
  },
  "Isotopes": {
    "x": 2218.601377705728,
    "y": 720.5773207829177
  },
  "Valence Electrons: What?": {
    "x": 2389.0748610896126,
    "y": 730.6994190939952
  },
  "Valence Electrons: How?": {
    "x": 4346.449742925846,
    "y": 582.2145108788891
  },
  "Ions: What?": {
    "x": 3360.73815283593,
    "y": 611.9966286144829
  },
  "Ions: How?": {
    "x": 5182.44422168874,
    "y": 581.8834519042332
  },
  "Covalent Bonds": {
    "x": 3786.4715260326448,
    "y": 3865.7773730667564
  },
  "Ionic Bonds": {
    "x": 3230.9748694634022,
    "y": 3697.109689730889
  },
  "Metallic Bonds": {
    "x": 4255.670676820582,
    "y": 3663.0593937493495
  },
  "Periodic Table": {
    "x": 2065.5492076539344,
    "y": 1450.2478098127765
  },
  "Electronegativity": {
    "x": 3554.4398525043816,
    "y": 1691.3142907164859
  },
  "Octet/Duet Rule": {
    "x": 3360.894891708051,
    "y": 1703.3643961392065
  },
  "Lewis Dot Structure": {
    "x": 4771.021374827367,
    "y": 673.5877977692851
  },
  "Polyatomic Ions": {
    "x": 4023.9292546869065,
    "y": 529.3911013047075
  },
  "Average Atomic Mass": {
    "x": 1879.9109691140666,
    "y": 802.6487157564068
  },
  "Isotopic Abundance": {
    "x": 1849.6783214338238,
    "y": 680.8968603976184
  },
  "ATOMS AND MOLECULES": {
    "x": 3516.061271561282,
    "y": 1122.377748721957
  },
  "BONDING": {
    "x": 3743.322773141992,
    "y": 3764.418383408053
  },
  "PERIODIC TABLE": {
    "x": 2812.994530079158,
    "y": 1576.8061029759915
  }
}